Verb,Pronoun,Simple Present,Simple Past,Simple Future
accept,I,accept,accepted,will accept
,you,accept,accepted,will accept
,he/she/it,accepts,accepted,will accept
,we,accept,accepted,will accept
,they,accept,accepted,will accept
add,I,add,added,will add
,you,add,added,will add
,he/she/it,adds,added,will add
,we,add,added,will add
,they,add,added,will add
advise,I,advise,advised,will advise
,you,advise,advised,will advise
,he/she/it,advises,advised,will advise
,we,advise,advised,will advise
,they,advise,advised,will advise
agree,I,agree,agreed,will agree
,you,agree,agreed,will agree
,he/she/it,agrees,agreed,will agree
,we,agree,agreed,will agree
,they,agree,agreed,will agree
allow,I,allow,allowed,will allow
,you,allow,allowed,will allow
,he/she/it,allows,allowed,will allow
,we,allow,allowed,will allow
,they,allow,allowed,will allow
seem,I,seem,seemed,will seem
,you,seem,seemed,will seem
,he/she/it,seems,seemed,will seem
,we,seem,seemed,will seem
,they,seem,seemed,will seem
approve,I,approve,approved,will approve
,you,approve,approved,will approve
,he/she/it,approves,approved,will approve
,we,approve,approved,will approve
,they,approve,approved,will approve
arrive,I,arrive,arrived,will arrive
,you,arrive,arrived,will arrive
,he/she/it,arrives,arrived,will arrive
,we,arrive,arrived,will arrive
,they,arrive,arrived,will arrive
ask,I,ask,asked,will ask
,you,ask,asked,will ask
,he/she/it,asks,asked,will ask
,we,ask,asked,will ask
,they,ask,asked,will ask
avoid,I,avoid,avoided,will avoid
,you,avoid,avoided,will avoid
,he/she/it,avoids,avoided,will avoid
,we,avoid,avoided,will avoid
,they,avoid,avoided,will avoid
be,I,am,was,will be
,you,are,were,will be
,he/she/it,is,was,will be
,we,are,were,will be
,they,are,were,will be
beg,I,beg,begged,will beg
,you,beg,begged,will beg
,he/she/it,begs,begged,will beg
,we,beg,begged,will beg
,they,beg,begged,will beg
believe,I,believe,believed,will believe
,you,believe,believed,will believe
,he/she/it,believes,believed,will believe
,we,believe,believed,will believe
,they,believe,believed,will believe
bother,I,bother,bothered,will bother
,you,bother,bothered,will bother
,he/she/it,bothers,bothered,will bother
,we,bother,bothered,will bother
,they,bother,bothered,will bother
break,I,break,broke,will break
,you,break,broke,will break
,he/she/it,breaks,broke,will break
,we,break,broke,will break
,they,break,broke,will break
bring,I,bring,brought,will bring
,you,bring,brought,will bring
,he/she/it,brings,brought,will bring
,we,bring,brought,will bring
,they,bring,brought,will bring
brush,I,brush,brushed,will brush
,you,brush,brushed,will brush
,he/she/it,brushes,brushed,will brush
,we,brush,brushed,will brush
,they,brush,brushed,will brush
build,I,build,built,will build
,you,build,built,will build
,he/she/it,builds,built,will build
,we,build,built,will build
,they,build,built,will build
buy,I,buy,bought,will buy
,you,buy,bought,will buy
,he/she/it,buys,bought,will buy
,we,buy,bought,will buy
,they,buy,bought,will buy
call,I,call,called,will call
,you,call,called,will call
,he/she/it,calls,called,will call
,we,call,called,will call
,they,call,called,will call
cancel,I,cancel,canceled,will cancel
,you,cancel,canceled,will cancel
,he/she/it,cancels,canceled,will cancel
,we,cancel,canceled,will cancel
,they,cancel,canceled,will cancel
carry,I,carry,carried,will carry
,you,carry,carried,will carry
,he/she/it,carries,carried,will carry
,we,carry,carried,will carry
,they,carry,carried,will carry
celebrate,I,celebrate,celebrated,will celebrate
,you,celebrate,celebrated,will celebrate
,he/she/it,celebrates,celebrated,will celebrate
,we,celebrate,celebrated,will celebrate
,they,celebrate,celebrated,will celebrate
change,I,change,changed,will change
,you,change,changed,will change
,he/she/it,changes,changed,will change
,we,change,changed,will change
,they,change,changed,will change
choose,I,choose,chose,will choose
,you,choose,chose,will choose
,he/she/it,chooses,chose,will choose
,we,choose,chose,will choose
,they,choose,chose,will choose
clean,I,clean,cleaned,will clean
,you,clean,cleaned,will clean
,he/she/it,cleans,cleaned,will clean
,we,clean,cleaned,will clean
,they,clean,cleaned,will clean
close,I,close,closed,will close
,you,close,closed,will close
,he/she/it,closes,closed,will close
,we,close,closed,will close
,they,close,closed,will close
comb,I,comb,combed,will comb
,you,comb,combed,will comb
,he/she/it,combs,combed,will comb
,we,comb,combed,will comb
,they,comb,combed,will comb
combine,I,combine,combined,will combine
,you,combine,combined,will combine
,he/she/it,combines,combined,will combine
,we,combine,combined,will combine
,they,combine,combined,will combine
come,I,come,came,will come
,you,come,came,will come
,he/she/it,comes,came,will come
,we,come,came,will come
,they,come,came,will come
communicate,I,communicate,communicated,will communicate
,you,communicate,communicated,will communicate
,he/she/it,communicates,communicated,will communicate
,we,communicate,communicated,will communicate
,they,communicate,communicated,will communicate
compare,I,compare,compared,will compare
,you,compare,compared,will compare
,he/she/it,compares,compared,will compare
,we,compare,compared,will compare
,they,compare,compared,will compare
complain,I,complain,complained,will complain
,you,complain,complained,will complain
,he/she/it,complains,complained,will complain
,we,complain,complained,will complain
,they,complain,complained,will complain
continue,I,continue,continued,will continue
,you,continue,continued,will continue
,he/she/it,continues,continued,will continue
,we,continue,continued,will continue
,they,continue,continued,will continue
convince,I,convince,convinced,will convince
,you,convince,convinced,will convince
,he/she/it,convinces,convinced,will convince
,we,convince,convinced,will convince
,they,convince,convinced,will convince
cook,I,cook,cooked,will cook
,you,cook,cooked,will cook
,he/she/it,cooks,cooked,will cook
,we,cook,cooked,will cook
,they,cook,cooked,will cook
copy,I,copy,copied,will copy
,you,copy,copied,will copy
,he/she/it,copies,copied,will copy
,we,copy,copied,will copy
,they,copy,copied,will copy
correct,I,correct,corrected,will correct
,you,correct,corrected,will correct
,he/she/it,corrects,corrected,will correct
,we,correct,corrected,will correct
,they,correct,corrected,will correct
cost,I,cost,cost,will cost
,you,cost,cost,will cost
,he/she/it,costs,cost,will cost
,we,cost,cost,will cost
,they,cost,cost,will cost
count,I,count,counted,will count
,you,count,counted,will count
,he/she/it,counts,counted,will count
,we,count,counted,will count
,they,count,counted,will count
cover,I,cover,covered,will cover
,you,cover,covered,will cover
,he/she/it,covers,covered,will cover
,we,cover,covered,will cover
,they,cover,covered,will cover
create,I,create,created,will create
,you,create,created,will create
,he/she/it,creates,created,will create
,we,create,created,will create
,they,create,created,will create
cross,I,cross,crossed,will cross
,you,cross,crossed,will cross
,he/she/it,crosses,crossed,will cross
,we,cross,crossed,will cross
,they,cross,crossed,will cross
cry,I,cry,cried,will cry
,you,cry,cried,will cry
,he/she/it,cries,cried,will cry
,we,cry,cried,will cry
,they,cry,cried,will cry
cut,I,cut,cut,will cut
,you,cut,cut,will cut
,he/she/it,cuts,cut,will cut
,we,cut,cut,will cut
,they,cut,cut,will cut
dance,I,dance,danced,will dance
,you,dance,danced,will dance
,he/she/it,dances,danced,will dance
,we,dance,danced,will dance
,they,dance,danced,will dance
decide,I,decide,decided,will decide
,you,decide,decided,will decide
,he/she/it,decides,decided,will decide
,we,decide,decided,will decide
,they,decide,decided,will decide
deliver,I,deliver,delivered,will deliver
,you,deliver,delivered,will deliver
,he/she/it,delivers,delivered,will deliver
,we,deliver,delivered,will deliver
,they,deliver,delivered,will deliver
deny,I,deny,denied,will deny
,you,deny,denied,will deny
,he/she/it,denies,denied,will deny
,we,deny,denied,will deny
,they,deny,denied,will deny
describe,I,describe,described,will describe
,you,describe,described,will describe
,he/she/it,describes,described,will describe
,we,describe,described,will describe
,they,describe,described,will describe
destroy,I,destroy,destroyed,will destroy
,you,destroy,destroyed,will destroy
,he/she/it,destroys,destroyed,will destroy
,we,destroy,destroyed,will destroy
,they,destroy,destroyed,will destroy
develop,I,develop,developed,will develop
,you,develop,developed,will develop
,he/she/it,develops,developed,will develop
,we,develop,developed,will develop
,they,develop,developed,will develop
disappear,I,disappear,disappeared,will disappear
,you,disappear,disappeared,will disappear
,he/she/it,disappears,disappeared,will disappear
,we,disappear,disappeared,will disappear
,they,disappear,disappeared,will disappear
discover,I,discover,discovered,will discover
,you,discover,discovered,will discover
,he/she/it,discovers,discovered,will discover
,we,discover,discovered,will discover
,they,discover,discovered,will discover
divide,I,divide,divided,will divide
,you,divide,divided,will divide
,he/she/it,divides,divided,will divide
,we,divide,divided,will divide
,they,divide,divided,will divide
do,I,do,did,will do
,you,do,did,will do
,he/she/it,does,did,will do
,we,do,did,will do
,they,do,did,will do
doubt,I,doubt,doubted,will doubt
,you,doubt,doubted,will doubt
,he/she/it,doubts,doubted,will doubt
,we,doubt,doubted,will doubt
,they,doubt,doubted,will doubt
draw,I,draw,drew,will draw
,you,draw,drew,will draw
,he/she/it,draws,drew,will draw
,we,draw,drew,will draw
,they,draw,drew,will draw
drink,I,drink,drank,will drink
,you,drink,drank,will drink
,he/she/it,drinks,drank,will drink
,we,drink,drank,will drink
,they,drink,drank,will drink
drive,I,drive,drove,will drive
,you,drive,drove,will drive
,he/she/it,drives,drove,will drive
,we,drive,drove,will drive
,they,drive,drove,will drive
dry,I,dry,dried,will dry
,you,dry,dried,will dry
,he/she/it,dries,dried,will dry
,we,dry,dried,will dry
,they,dry,dried,will dry
eat,I,eat,ate,will eat
,you,eat,ate,will eat
,he/she/it,eats,ate,will eat
,we,eat,ate,will eat
,they,eat,ate,will eat
enjoy,I,enjoy,enjoyed,will enjoy
,you,enjoy,enjoyed,will enjoy
,he/she/it,enjoys,enjoyed,will enjoy
,we,enjoy,enjoyed,will enjoy
,they,enjoy,enjoyed,will enjoy
enter,I,enter,entered,will enter
,you,enter,entered,will enter
,he/she/it,enters,entered,will enter
,we,enter,entered,will enter
,they,enter,entered,will enter
exist,I,exist,existed,will exist
,you,exist,existed,will exist
,he/she/it,exists,existed,will exist
,we,exist,existed,will exist
,they,exist,existed,will exist
explain,I,explain,explained,will explain
,you,explain,explained,will explain
,he/she/it,explains,explained,will explain
,we,explain,explained,will explain
,they,explain,explained,will explain
explore,I,explore,explored,will explore
,you,explore,explored,will explore
,he/she/it,explores,explored,will explore
,we,explore,explored,will explore
,they,explore,explored,will explore
express,I,express,expressed,will express
,you,express,expressed,will express
,he/she/it,expresses,expressed,will express
,we,express,expressed,will express
,they,express,expressed,will express
fail,I,fail,failed,will fail
,you,fail,failed,will fail
,he/she/it,fails,failed,will fail
,we,fail,failed,will fail
,they,fail,failed,will fail
fall,I,fall,fell,will fall
,you,fall,fell,will fall
,he/she/it,falls,fell,will fall
,we,fall,fell,will fall
,they,fall,fell,will fall
feel,I,feel,felt,will feel
,you,feel,felt,will feel
,he/she/it,feels,felt,will feel
,we,feel,felt,will feel
,they,feel,felt,will feel
fill,I,fill,filled,will fill
,you,fill,filled,will fill
,he/she/it,fills,filled,will fill
,we,fill,filled,will fill
,they,fill,filled,will fill
find,I,find,found,will find
,you,find,found,will find
,he/she/it,finds,found,will find
,we,find,found,will find
,they,find,found,will find
finish,I,finish,finished,will finish
,you,finish,finished,will finish
,he/she/it,finishes,finished,will finish
,we,finish,finished,will finish
,they,finish,finished,will finish
fit,I,fit,fit,will fit
,you,fit,fit,will fit
,he/she/it,fits,fit,will fit
,we,fit,fit,will fit
,they,fit,fit,will fit
fix,I,fix,fixed,will fix
,you,fix,fixed,will fix
,he/she/it,fixes,fixed,will fix
,we,fix,fixed,will fix
,they,fix,fixed,will fix
fly,I,fly,flew,will fly
,you,fly,flew,will fly
,he/she/it,flies,flew,will fly
,we,fly,flew,will fly
,they,fly,flew,will fly
follow,I,follow,followed,will follow
,you,follow,followed,will follow
,he/she/it,follows,followed,will follow
,we,follow,followed,will follow
,they,follow,followed,will follow
forget,I,forget,forgot,will forget
,you,forget,forgot,will forget
,he/she/it,forgets,forgot,will forget
,we,forget,forgot,will forget
,they,forget,forgot,will forget
forgive,I,forgive,forgave,will forgive
,you,forgive,forgave,will forgive
,he/she/it,forgives,forgave,will forgive
,we,forgive,forgave,will forgive
,they,forgive,forgave,will forgive
function,I,function,functioned,will function
,you,function,functioned,will function
,he/she/it,functions,functioned,will function
,we,function,functioned,will function
,they,function,functioned,will function
get,I,get,got,will get
,you,get,got,will get
,he/she/it,gets,got,will get
,we,get,got,will get
,they,get,got,will get
stand,I,stand,stood,will stand
,you,stand,stood,will stand
,he/she/it,stands,stood,will stand
,we,stand,stood,will stand
,they,stand,stood,will stand
give,I,give,gave,will give
,you,give,gave,will give
,he/she/it,gives,gave,will give
,we,give,gave,will give
,they,give,gave,will give
go,I,go,went,will go
,you,go,went,will go
,he/she/it,goes,went,will go
,we,go,went,will go
,they,go,went,will go
greet,I,greet,greeted,will greet
,you,greet,greeted,will greet
,he/she/it,greets,greeted,will greet
,we,greet,greeted,will greet
,they,greet,greeted,will greet
grow up,I,grow up,grew up,will grow up
,you,grow up,grew up,will grow up
,he/she/it,grows up,grew up,will grow up
,we,grow up,grew up,will grow up
,they,grow up,grew up,will grow up
guess,I,guess,guessed,will guess
,you,guess,guessed,will guess
,he/she/it,guesses,guessed,will guess
,we,guess,guessed,will guess
,they,guess,guessed,will guess
hate,I,hate,hated,will hate
,you,hate,hated,will hate
,he/she/it,hates,hated,will hate
,we,hate,hated,will hate
,they,hate,hated,will hate
have,I,have,had,will have
,you,have,had,will have
,he/she/it,has,had,will have
,we,have,had,will have
,they,have,had,will have
hear,I,hear,heard,will hear
,you,hear,heard,will hear
,he/she/it,hears,heard,will hear
,we,hear,heard,will hear
,they,hear,heard,will hear
help,I,help,helped,will help
,you,help,helped,will help
,he/she/it,helps,helped,will help
,we,help,helped,will help
,they,help,helped,will help
hide,I,hide,hid,will hide
,you,hide,hid,will hide
,he/she/it,hides,hid,will hide
,we,hide,hid,will hide
,they,hide,hid,will hide
hug,I,hug,hugged,will hug
,you,hug,hugged,will hug
,he/she/it,hugs,hugged,will hug
,we,hug,hugged,will hug
,they,hug,hugged,will hug
hurt,I,hurt,hurt,will hurt
,you,hurt,hurt,will hurt
,he/she/it,hurts,hurt,will hurt
,we,hurt,hurt,will hurt
,they,hurt,hurt,will hurt
improve,I,improve,improved,will improve
,you,improve,improved,will improve
,he/she/it,improves,improved,will improve
,we,improve,improved,will improve
,they,improve,improved,will improve
join,I,join,joined,will join
,you,join,joined,will join
,he/she/it,joins,joined,will join
,we,join,joined,will join
,they,join,joined,will join
kiss,I,kiss,kissed,will kiss
,you,kiss,kissed,will kiss
,he/she/it,kisses,kissed,will kiss
,we,kiss,kissed,will kiss
,they,kiss,kissed,will kiss
know,I,know,knew,will know
,you,know,knew,will know
,he/she/it,knows,knew,will know
,we,know,knew,will know
,they,know,knew,will know
laugh,I,laugh,laughed,will laugh
,you,laugh,laughed,will laugh
,he/she/it,laughs,laughed,will laugh
,we,laugh,laughed,will laugh
,they,laugh,laughed,will laugh
learn,I,learn,learned,will learn
,you,learn,learned,will learn
,he/she/it,learns,learned,will learn
,we,learn,learned,will learn
,they,learn,learned,will learn
leave,I,leave,left,will leave
,you,leave,left,will leave
,he/she/it,leaves,left,will leave
,we,leave,left,will leave
,they,leave,left,will leave
borrow,I,borrow,borrowed,will borrow
,you,borrow,borrowed,will borrow
,he/she/it,borrows,borrowed,will borrow
,we,borrow,borrowed,will borrow
,they,borrow,borrowed,will borrow
lie,I,lie,lied,will lie
,you,lie,lied,will lie
,he/she/it,lies,lied,will lie
,we,lie,lied,will lie
,they,lie,lied,will lie
listen,I,listen,listened,will listen
,you,listen,listened,will listen
,he/she/it,listens,listened,will listen
,we,listen,listened,will listen
,they,listen,listened,will listen
live,I,live,lived,will live
,you,live,lived,will live
,he/she/it,lives,lived,will live
,we,live,lived,will live
,they,live,lived,will live
look,I,look,looked,will look
,you,look,looked,will look
,he/she/it,looks,looked,will look
,we,look,looked,will look
,they,look,looked,will look
lose,I,lose,lost,will lose
,you,lose,lost,will lose
,he/she/it,loses,lost,will lose
,we,lose,lost,will lose
,they,lose,lost,will lose
love,I,love,loved,will love
,you,love,loved,will love
,he/she/it,loves,loved,will love
,we,love,loved,will love
,they,love,loved,will love
maintain,I,maintain,maintained,will maintain
,you,maintain,maintained,will maintain
,he/she/it,maintains,maintained,will maintain
,we,maintain,maintained,will maintain
,they,maintain,maintained,will maintain
manage,I,manage,managed,will manage
,you,manage,managed,will manage
,he/she/it,manages,managed,will manage
,we,manage,managed,will manage
,they,manage,managed,will manage
marry,I,marry,married,will marry
,you,marry,married,will marry
,he/she/it,marries,married,will marry
,we,marry,married,will marry
,they,marry,married,will marry
measure,I,measure,measured,will measure
,you,measure,measured,will measure
,he/she/it,measures,measured,will measure
,we,measure,measured,will measure
,they,measure,measured,will measure
mix,I,mix,mixed,will mix
,you,mix,mixed,will mix
,he/she/it,mixes,mixed,will mix
,we,mix,mixed,will mix
,they,mix,mixed,will mix
move,I,move,moved,will move
,you,move,moved,will move
,he/she/it,moves,moved,will move
,we,move,moved,will move
,they,move,moved,will move
need,I,need,needed,will need
,you,need,needed,will need
,he/she/it,needs,needed,will need
,we,need,needed,will need
,they,need,needed,will need
oblige,I,oblige,obliged,will oblige
,you,oblige,obliged,will oblige
,he/she/it,obliges,obliged,will oblige
,we,oblige,obliged,will oblige
,they,oblige,obliged,will oblige
offer,I,offer,offered,will offer
,you,offer,offered,will offer
,he/she/it,offers,offered,will offer
,we,offer,offered,will offer
,they,offer,offered,will offer
open,I,open,opened,will open
,you,open,opened,will open
,he/she/it,opens,opened,will open
,we,open,opened,will open
,they,open,opened,will open
organize,I,organize,organized,will organize
,you,organize,organized,will organize
,he/she/it,organizes,organized,will organize
,we,organize,organized,will organize
,they,organize,organized,will organize
owe,I,owe,owed,will owe
,you,owe,owed,will owe
,he/she/it,owes,owed,will owe
,we,owe,owed,will owe
,they,owe,owed,will owe
paint,I,paint,painted,will paint
,you,paint,painted,will paint
,he/she/it,paints,painted,will paint
,we,paint,painted,will paint
,they,paint,painted,will paint
participate,I,participate,participated,will participate
,you,participate,participated,will participate
,he/she/it,participates,participated,will participate
,we,participate,participated,will participate
,they,participate,participated,will participate
pass,I,pass,passed,will pass
,you,pass,passed,will pass
,he/she/it,passes,passed,will pass
,we,pass,passed,will pass
,they,pass,passed,will pass
pay,I,pay,paid,will pay
,you,pay,paid,will pay
,he/she/it,pays,paid,will pay
,we,pay,paid,will pay
,they,pay,paid,will pay
plan,I,plan,planned,will plan
,you,plan,planned,will plan
,he/she/it,plans,planned,will plan
,we,plan,planned,will plan
,they,plan,planned,will plan
play,I,play,played,will play
,you,play,played,will play
,he/she/it,plays,played,will play
,we,play,played,will play
,they,play,played,will play
practice,I,practice,practiced,will practice
,you,practice,practiced,will practice
,he/she/it,practices,practiced,will practice
,we,practice,practiced,will practice
,they,practice,practiced,will practice
pray,I,pray,prayed,will pray
,you,pray,prayed,will pray
,he/she/it,prays,prayed,will pray
,we,pray,prayed,will pray
,they,pray,prayed,will pray
prefer,I,prefer,preferred,will prefer
,you,prefer,preferred,will prefer
,he/she/it,prefers,preferred,will prefer
,we,prefer,preferred,will prefer
,they,prefer,preferred,will prefer
prepare,I,prepare,prepared,will prepare
,you,prepare,prepared,will prepare
,he/she/it,prepares,prepared,will prepare
,we,prepare,prepared,will prepare
,they,prepare,prepared,will prepare
present,I,present,presented,will present
,you,present,presented,will present
,he/she/it,presents,presented,will present
,we,present,presented,will present
,they,present,presented,will present
prohibit,I,prohibit,prohibited,will prohibit
,you,prohibit,prohibited,will prohibit
,he/she/it,prohibits,prohibited,will prohibit
,we,prohibit,prohibited,will prohibit
,they,prohibit,prohibited,will prohibit
pronounce,I,pronounce,pronounced,will pronounce
,you,pronounce,pronounced,will pronounce
,he/she/it,pronounces,pronounced,will pronounce
,we,pronounce,pronounced,will pronounce
,they,pronounce,pronounced,will pronounce
protect,I,protect,protected,will protect
,you,protect,protected,will protect
,he/she/it,protects,protected,will protect
,we,protect,protected,will protect
,they,protect,protected,will protect
push,I,push,pushed,will push
,you,push,pushed,will push
,he/she/it,pushes,pushed,will push
,we,push,pushed,will push
,they,push,pushed,will push
put,I,put,put,will put
,you,put,put,will put
,he/she/it,puts,put,will put
,we,put,put,will put
,they,put,put,will put
read,I,read,read,will read
,you,read,read,will read
,he/she/it,reads,read,will read
,we,read,read,will read
,they,read,read,will read
receive,I,receive,received,will receive
,you,receive,received,will receive
,he/she/it,receives,received,will receive
,we,receive,received,will receive
,they,receive,received,will receive
recommend,I,recommend,recommended,will recommend
,you,recommend,recommended,will recommend
,he/she/it,recommends,recommended,will recommend
,we,recommend,recommended,will recommend
,they,recommend,recommended,will recommend
reject,I,reject,rejected,will reject
,you,reject,rejected,will reject
,he/she/it,rejects,rejected,will reject
,we,reject,rejected,will reject
,they,reject,rejected,will reject
remember,I,remember,remembered,will remember
,you,remember,remembered,will remember
,he/she/it,remembers,remembered,will remember
,we,remember,remembered,will remember
,they,remember,remembered,will remember
remove,I,remove,removed,will remove
,you,remove,removed,will remove
,he/she/it,removes,removed,will remove
,we,remove,removed,will remove
,they,remove,removed,will remove
rent,I,rent,rented,will rent
,you,rent,rented,will rent
,he/she/it,rents,rented,will rent
,we,rent,rented,will rent
,they,rent,rented,will rent
repeat,I,repeat,repeated,will repeat
,you,repeat,repeated,will repeat
,he/she/it,repeats,repeated,will repeat
,we,repeat,repeated,will repeat
,they,repeat,repeated,will repeat
request,I,request,requested,will request
,you,request,requested,will request
,he/she/it,requests,requested,will request
,we,request,requested,will request
,they,request,requested,will request
resolve,I,resolve,resolved,will resolve
,you,resolve,resolved,will resolve
,he/she/it,resolves,resolved,will resolve
,we,resolve,resolved,will resolve
,they,resolve,resolved,will resolve
answer,I,answer,answered,will answer
,you,answer,answered,will answer
,he/she/it,answers,answered,will answer
,we,answer,answered,will answer
,they,answer,answered,will answer
rest,I,rest,rested,will rest
,you,rest,rested,will rest
,he/she/it,rests,rested,will rest
,we,rest,rested,will rest
,they,rest,rested,will rest
return,I,return,returned,will return
,you,return,returned,will return
,he/she/it,returns,returned,will return
,we,return,returned,will return
,they,return,returned,will return
review,I,review,reviewed,will review
,you,review,reviewed,will review
,he/she/it,reviews,reviewed,will review
,we,review,reviewed,will review
,they,review,reviewed,will review
ride,I,ride,rode,will ride
,you,ride,rode,will ride
,he/she/it,rides,rode,will ride
,we,ride,rode,will ride
,they,ride,rode,will ride
run,I,run,ran,will run
,you,run,ran,will run
,he/she/it,runs,ran,will run
,we,run,ran,will run
,they,run,ran,will run
save,I,save,saved,will save
,you,save,saved,will save
,he/she/it,saves,saved,will save
,we,save,saved,will save
,they,save,saved,will save
say,I,say,said,will say
,you,say,said,will say
,he/she/it,says,said,will say
,we,say,said,will say
,they,say,said,will say
search,I,search,searched,will search
,you,search,searched,will search
,he/she/it,searches,searched,will search
,we,search,searched,will search
,they,search,searched,will search
see,I,see,saw,will see
,you,see,saw,will see
,he/she/it,sees,saw,will see
,we,see,saw,will see
,they,see,saw,will see
sell,I,sell,sold,will sell
,you,sell,sold,will sell
,he/she/it,sells,sold,will sell
,we,sell,sold,will sell
,they,sell,sold,will sell
send,I,send,sent,will send
,you,send,sent,will send
,he/she/it,sends,sent,will send
,we,send,sent,will send
,they,send,sent,will send
separate,I,separate,separated,will separate
,you,separate,separated,will separate
,he/she/it,separates,separated,will separate
,we,separate,separated,will separate
,they,separate,separated,will separate
serve,I,serve,served,will serve
,you,serve,served,will serve
,he/she/it,serves,served,will serve
,we,serve,served,will serve
,they,serve,served,will serve
share,I,share,shared,will share
,you,share,shared,will share
,he/she/it,shares,shared,will share
,we,share,shared,will share
,they,share,shared,will share
shout,I,shout,shouted,will shout
,you,shout,shouted,will shout
,he/she/it,shouts,shouted,will shout
,we,shout,shouted,will shout
,they,shout,shouted,will shout
show,I,show,showed,will show
,you,show,showed,will show
,he/she/it,shows,showed,will show
,we,show,showed,will show
,they,show,showed,will show
sign,I,sign,signed,will sign
,you,sign,signed,will sign
,he/she/it,signs,signed,will sign
,we,sign,signed,will sign
,they,sign,signed,will sign
sing,I,sing,sang,will sing
,you,sing,sang,will sing
,he/she/it,sings,sang,will sing
,we,sing,sang,will sing
,they,sing,sang,will sing
sit,I,sit,sat,will sit
,you,sit,sat,will sit
,he/she/it,sits,sat,will sit
,we,sit,sat,will sit
,they,sit,sat,will sit
sleep,I,sleep,slept,will sleep
,you,sleep,slept,will sleep
,he/she/it,sleeps,slept,will sleep
,we,sleep,slept,will sleep
,they,sleep,slept,will sleep
smell,I,smell,smelled,will smell
,you,smell,smelled,will smell
,he/she/it,smells,smelled,will smell
,we,smell,smelled,will smell
,they,smell,smelled,will smell
smile,I,smile,smiled,will smile
,you,smile,smiled,will smile
,he/she/it,smiles,smiled,will smile
,we,smile,smiled,will smile
,they,smile,smiled,will smile
sort,I,sort,sorted,will sort
,you,sort,sorted,will sort
,he/she/it,sorts,sorted,will sort
,we,sort,sorted,will sort
,they,sort,sorted,will sort
speak,I,speak,spoke,will speak
,you,speak,spoke,will speak
,he/she/it,speaks,spoke,will speak
,we,speak,spoke,will speak
,they,speak,spoke,will speak
spend,I,spend,spent,will spend
,you,spend,spent,will spend
,he/she/it,spends,spent,will spend
,we,spend,spent,will spend
,they,spend,spent,will spend
start,I,start,started,will start
,you,start,started,will start
,he/she/it,starts,started,will start
,we,start,started,will start
,they,start,started,will start
stay,I,stay,stayed,will stay
,you,stay,stayed,will stay
,he/she/it,stays,stayed,will stay
,we,stay,stayed,will stay
,they,stay,stayed,will stay
stop,I,stop,stopped,will stop
,you,stop,stopped,will stop
,he/she/it,stops,stopped,will stop
,we,stop,stopped,will stop
,they,stop,stopped,will stop
study,I,study,studied,will study
,you,study,studied,will study
,he/she/it,studies,studied,will study
,we,study,studied,will study
,they,study,studied,will study
support,I,support,supported,will support
,you,support,supported,will support
,he/she/it,supports,supported,will support
,we,support,supported,will support
,they,support,supported,will support
swim,I,swim,swam,will swim
,you,swim,swam,will swim
,he/she/it,swims,swam,will swim
,we,swim,swam,will swim
,they,swim,swam,will swim
take,I,take,took,will take
,you,take,took,will take
,he/she/it,takes,took,will take
,we,take,took,will take
,they,take,took,will take
teach,I,teach,taught,will teach
,you,teach,taught,will teach
,he/she/it,teaches,taught,will teach
,we,teach,taught,will teach
,they,teach,taught,will teach
think,I,think,thought,will think
,you,think,thought,will think
,he/she/it,thinks,thought,will think
,we,think,thought,will think
,they,think,thought,will think
throw,I,throw,threw,will throw
,you,throw,threw,will throw
,he/she/it,throws,threw,will throw
,we,throw,threw,will throw
,they,throw,threw,will throw
touch,I,touch,touched,will touch
,you,touch,touched,will touch
,he/she/it,touches,touched,will touch
,we,touch,touched,will touch
,they,touch,touched,will touch
translate,I,translate,translated,will translate
,you,translate,translated,will translate
,he/she/it,translates,translated,will translate
,we,translate,translated,will translate
,they,translate,translated,will translate
travel,I,travel,traveled,will travel
,you,travel,traveled,will travel
,he/she/it,travels,traveled,will travel
,we,travel,traveled,will travel
,they,travel,traveled,will travel
trust,I,trust,trusted,will trust
,you,trust,trusted,will trust
,he/she/it,trusts,trusted,will trust
,we,trust,trusted,will trust
,they,trust,trusted,will trust
try,I,try,tried,will try
,you,try,tried,will try
,he/she/it,tries,tried,will try
,we,try,tried,will try
,they,try,tried,will try
turn,I,turn,turned,will turn
,you,turn,turned,will turn
,he/she/it,turns,turned,will turn
,we,turn,turned,will turn
,they,turn,turned,will turn
turn off,I,turn off,turned off,will turn off
,you,turn off,turned off,will turn off
,he/she/it,turns off,turned off,will turn off
,we,turn off,turned off,will turn off
,they,turn off,turned off,will turn off
turn on,I,turn on,turned on,will turn on
,you,turn on,turned on,will turn on
,he/she/it,turns on,turned on,will turn on
,we,turn on,turned on,will turn on
,they,turn on,turned on,will turn on
understand,I,understand,understood,will understand
,you,understand,understood,will understand
,he/she/it,understands,understood,will understand
,we,understand,understood,will understand
,they,understand,understood,will understand
use,I,use,used,will use
,you,use,used,will use
,he/she/it,uses,used,will use
,we,use,used,will use
,they,use,used,will use
value,I,value,valued,will value
,you,value,valued,will value
,he/she/it,values,valued,will value
,we,value,valued,will value
,they,value,valued,will value
visit,I,visit,visited,will visit
,you,visit,visited,will visit
,he/she/it,visits,visited,will visit
,we,visit,visited,will visit
,they,visit,visited,will visit
wait,I,wait,waited,will wait
,you,wait,waited,will wait
,he/she/it,waits,waited,will wait
,we,wait,waited,will wait
,they,wait,waited,will wait
wake up,I,wake up,woke up,will wake up
,you,wake up,woke up,will wake up
,he/she/it,wakes up,woke up,will wake up
,we,wake up,woke up,will wake up
,they,wake up,woke up,will wake up
walk,I,walk,walked,will walk
,you,walk,walked,will walk
,he/she/it,walks,walked,will walk
,we,walk,walked,will walk
,they,walk,walked,will walk
want,I,want,wanted,will want
,you,want,wanted,will want
,he/she/it,wants,wanted,will want
,we,want,wanted,will want
,they,want,wanted,will want
wash,I,wash,washed,will wash
,you,wash,washed,will wash
,he/she/it,washes,washed,will wash
,we,wash,washed,will wash
,they,wash,washed,will wash
win,I,win,won,will win
,you,win,won,will win
,he/she/it,wins,won,will win
,we,win,won,will win
,they,win,won,will win
wish,I,wish,wished,will wish
,you,wish,wished,will wish
,he/she/it,wishes,wished,will wish
,we,wish,wished,will wish
,they,wish,wished,will wish
work,I,work,worked,will work
,you,work,worked,will work
,he/she/it,works,worked,will work
,we,work,worked,will work
,they,work,worked,will work
worsen,I,worsen,worsened,will worsen
,you,worsen,worsened,will worsen
,he/she/it,worsens,worsened,will worsen
,we,worsen,worsened,will worsen
,they,worsen,worsened,will worsen
write,I,write,wrote,will write
,you,write,wrote,will write
,he/she/it,writes,wrote,will write
,we,write,wrote,will write
,they,write,wrote,will write